{
    "dev": {
        "driver": "pg",
        "host": {
            "ENV": "HOST"
        },
        "database": {
            "ENV": "DATABASE"
        },
        "user": {
            "ENV": "USER"
        },
        "password": {
            "ENV": "PASSWORD"
        }
    },
    "test": {
        "driver": "pg",
        "host": {
            "ENV": "HOST"
        },
        "database": {
            "ENV": "TEST_DATABASE"
        },
        "user": {
            "ENV": "USER"
        },
        "password": {
            "ENV": "PASSWORD"
        }
    }
}